experiment_name,seed,training_time,hyperparameters,moving_average_rev,mean_over_best_gain
zero_shot_baseline,537919,230.35324597358704,"{'boosting_type': 'gbdt', 'class_weight': None, 'colsample_bytree': 0.5393339924944204, 'importance_type': 'split', 'learning_rate': 0.009033979476164342, 'max_depth': -1, 'min_child_samples': 3, 'min_child_weight': 0.001, 'min_split_gain': 0.0, 'n_estimators': 31204, 'n_jobs': None, 'num_leaves': 4, 'objective': None, 'random_state': 537919, 'reg_alpha': 15.800090067239827, 'reg_lambda': 34.82471227276953, 'subsample': 1.0, 'subsample_for_bin': 200000, 'subsample_freq': 0, 'max_bin': 1023, 'verbose': -1}",343850894.55272365,342518000.0
zero_shot_baseline,923347,232.1911380290985,"{'boosting_type': 'gbdt', 'class_weight': None, 'colsample_bytree': 0.5393339924944204, 'importance_type': 'split', 'learning_rate': 0.009033979476164342, 'max_depth': -1, 'min_child_samples': 3, 'min_child_weight': 0.001, 'min_split_gain': 0.0, 'n_estimators': 31204, 'n_jobs': None, 'num_leaves': 4, 'objective': None, 'random_state': 923347, 'reg_alpha': 15.800090067239827, 'reg_lambda': 34.82471227276953, 'subsample': 1.0, 'subsample_for_bin': 200000, 'subsample_freq': 0, 'max_bin': 1023, 'verbose': -1}",342641389.3053473,341329200.0
zero_shot_baseline,173629,171.46201968193054,"{'boosting_type': 'gbdt', 'class_weight': None, 'colsample_bytree': 0.5393339924944204, 'importance_type': 'split', 'learning_rate': 0.009033979476164342, 'max_depth': -1, 'min_child_samples': 3, 'min_child_weight': 0.001, 'min_split_gain': 0.0, 'n_estimators': 31204, 'n_jobs': None, 'num_leaves': 4, 'objective': None, 'random_state': 173629, 'reg_alpha': 15.800090067239827, 'reg_lambda': 34.82471227276953, 'subsample': 1.0, 'subsample_for_bin': 200000, 'subsample_freq': 0, 'max_bin': 1023, 'verbose': -1}",345164217.8910545,345150400.0
zero_shot_baseline,419351,171.16261506080627,"{'boosting_type': 'gbdt', 'class_weight': None, 'colsample_bytree': 0.5393339924944204, 'importance_type': 'split', 'learning_rate': 0.009033979476164342, 'max_depth': -1, 'min_child_samples': 3, 'min_child_weight': 0.001, 'min_split_gain': 0.0, 'n_estimators': 31204, 'n_jobs': None, 'num_leaves': 4, 'objective': None, 'random_state': 419351, 'reg_alpha': 15.800090067239827, 'reg_lambda': 34.82471227276953, 'subsample': 1.0, 'subsample_for_bin': 200000, 'subsample_freq': 0, 'max_bin': 1023, 'verbose': -1}",343806856.57171416,343620000.0
zero_shot_baseline,287887,238.74300980567932,"{'boosting_type': 'gbdt', 'class_weight': None, 'colsample_bytree': 0.5393339924944204, 'importance_type': 'split', 'learning_rate': 0.009033979476164342, 'max_depth': -1, 'min_child_samples': 3, 'min_child_weight': 0.001, 'min_split_gain': 0.0, 'n_estimators': 31204, 'n_jobs': None, 'num_leaves': 4, 'objective': None, 'random_state': 287887, 'reg_alpha': 15.800090067239827, 'reg_lambda': 34.82471227276953, 'subsample': 1.0, 'subsample_for_bin': 200000, 'subsample_freq': 0, 'max_bin': 1023, 'verbose': -1}",342986226.88655674,342852400.0
zero_shot_baseline,1244,245.2236921787262,"{'boosting_type': 'gbdt', 'class_weight': None, 'colsample_bytree': 0.5393339924944204, 'importance_type': 'split', 'learning_rate': 0.009033979476164342, 'max_depth': -1, 'min_child_samples': 3, 'min_child_weight': 0.001, 'min_split_gain': 0.0, 'n_estimators': 31204, 'n_jobs': None, 'num_leaves': 4, 'objective': None, 'random_state': 1244, 'reg_alpha': 15.800090067239827, 'reg_lambda': 34.82471227276953, 'subsample': 1.0, 'subsample_for_bin': 200000, 'subsample_freq': 0, 'max_bin': 1023, 'verbose': -1}",342795202.3988006,342561600.0
zero_shot_baseline,24341,250.62958598136902,"{'boosting_type': 'gbdt', 'class_weight': None, 'colsample_bytree': 0.5393339924944204, 'importance_type': 'split', 'learning_rate': 0.009033979476164342, 'max_depth': -1, 'min_child_samples': 3, 'min_child_weight': 0.001, 'min_split_gain': 0.0, 'n_estimators': 31204, 'n_jobs': None, 'num_leaves': 4, 'objective': None, 'random_state': 24341, 'reg_alpha': 15.800090067239827, 'reg_lambda': 34.82471227276953, 'subsample': 1.0, 'subsample_for_bin': 200000, 'subsample_freq': 0, 'max_bin': 1023, 'verbose': -1}",343439950.0249875,343387600.0
zero_shot_baseline,1241,184.6503710746765,"{'boosting_type': 'gbdt', 'class_weight': None, 'colsample_bytree': 0.5393339924944204, 'importance_type': 'split', 'learning_rate': 0.009033979476164342, 'max_depth': -1, 'min_child_samples': 3, 'min_child_weight': 0.001, 'min_split_gain': 0.0, 'n_estimators': 31204, 'n_jobs': None, 'num_leaves': 4, 'objective': None, 'random_state': 1241, 'reg_alpha': 15.800090067239827, 'reg_lambda': 34.82471227276953, 'subsample': 1.0, 'subsample_for_bin': 200000, 'subsample_freq': 0, 'max_bin': 1023, 'verbose': -1}",343302518.7406297,343193600.0
zero_shot_baseline,4512,234.780592918396,"{'boosting_type': 'gbdt', 'class_weight': None, 'colsample_bytree': 0.5393339924944204, 'importance_type': 'split', 'learning_rate': 0.009033979476164342, 'max_depth': -1, 'min_child_samples': 3, 'min_child_weight': 0.001, 'min_split_gain': 0.0, 'n_estimators': 31204, 'n_jobs': None, 'num_leaves': 4, 'objective': None, 'random_state': 4512, 'reg_alpha': 15.800090067239827, 'reg_lambda': 34.82471227276953, 'subsample': 1.0, 'subsample_for_bin': 200000, 'subsample_freq': 0, 'max_bin': 1023, 'verbose': -1}",342814922.5387306,342222800.0
zero_shot_baseline,6554,167.19539284706116,"{'boosting_type': 'gbdt', 'class_weight': None, 'colsample_bytree': 0.5393339924944204, 'importance_type': 'split', 'learning_rate': 0.009033979476164342, 'max_depth': -1, 'min_child_samples': 3, 'min_child_weight': 0.001, 'min_split_gain': 0.0, 'n_estimators': 31204, 'n_jobs': None, 'num_leaves': 4, 'objective': None, 'random_state': 6554, 'reg_alpha': 15.800090067239827, 'reg_lambda': 34.82471227276953, 'subsample': 1.0, 'subsample_for_bin': 200000, 'subsample_freq': 0, 'max_bin': 1023, 'verbose': -1}",342727476.2618691,341714800.0
zero_shot_baseline,62325,179.97189474105835,"{'boosting_type': 'gbdt', 'class_weight': None, 'colsample_bytree': 0.5393339924944204, 'importance_type': 'split', 'learning_rate': 0.009033979476164342, 'max_depth': -1, 'min_child_samples': 3, 'min_child_weight': 0.001, 'min_split_gain': 0.0, 'n_estimators': 31204, 'n_jobs': None, 'num_leaves': 4, 'objective': None, 'random_state': 62325, 'reg_alpha': 15.800090067239827, 'reg_lambda': 34.82471227276953, 'subsample': 1.0, 'subsample_for_bin': 200000, 'subsample_freq': 0, 'max_bin': 1023, 'verbose': -1}",344606876.5617192,343590000.0
zero_shot_baseline,6525235,243.88954520225525,"{'boosting_type': 'gbdt', 'class_weight': None, 'colsample_bytree': 0.5393339924944204, 'importance_type': 'split', 'learning_rate': 0.009033979476164342, 'max_depth': -1, 'min_child_samples': 3, 'min_child_weight': 0.001, 'min_split_gain': 0.0, 'n_estimators': 31204, 'n_jobs': None, 'num_leaves': 4, 'objective': None, 'random_state': 6525235, 'reg_alpha': 15.800090067239827, 'reg_lambda': 34.82471227276953, 'subsample': 1.0, 'subsample_for_bin': 200000, 'subsample_freq': 0, 'max_bin': 1023, 'verbose': -1}",342136111.9440279,341602400.0
zero_shot_baseline,14,241.3512909412384,"{'boosting_type': 'gbdt', 'class_weight': None, 'colsample_bytree': 0.5393339924944204, 'importance_type': 'split', 'learning_rate': 0.009033979476164342, 'max_depth': -1, 'min_child_samples': 3, 'min_child_weight': 0.001, 'min_split_gain': 0.0, 'n_estimators': 31204, 'n_jobs': None, 'num_leaves': 4, 'objective': None, 'random_state': 14, 'reg_alpha': 15.800090067239827, 'reg_lambda': 34.82471227276953, 'subsample': 1.0, 'subsample_for_bin': 200000, 'subsample_freq': 0, 'max_bin': 1023, 'verbose': -1}",344017451.2743628,343719600.0
zero_shot_baseline,4521,180.24574899673462,"{'boosting_type': 'gbdt', 'class_weight': None, 'colsample_bytree': 0.5393339924944204, 'importance_type': 'split', 'learning_rate': 0.009033979476164342, 'max_depth': -1, 'min_child_samples': 3, 'min_child_weight': 0.001, 'min_split_gain': 0.0, 'n_estimators': 31204, 'n_jobs': None, 'num_leaves': 4, 'objective': None, 'random_state': 4521, 'reg_alpha': 15.800090067239827, 'reg_lambda': 34.82471227276953, 'subsample': 1.0, 'subsample_for_bin': 200000, 'subsample_freq': 0, 'max_bin': 1023, 'verbose': -1}",343247276.3618191,342499200.0
zero_shot_baseline,474574,244.15902519226074,"{'boosting_type': 'gbdt', 'class_weight': None, 'colsample_bytree': 0.5393339924944204, 'importance_type': 'split', 'learning_rate': 0.009033979476164342, 'max_depth': -1, 'min_child_samples': 3, 'min_child_weight': 0.001, 'min_split_gain': 0.0, 'n_estimators': 31204, 'n_jobs': None, 'num_leaves': 4, 'objective': None, 'random_state': 474574, 'reg_alpha': 15.800090067239827, 'reg_lambda': 34.82471227276953, 'subsample': 1.0, 'subsample_for_bin': 200000, 'subsample_freq': 0, 'max_bin': 1023, 'verbose': -1}",344014272.8635682,343311600.0
zero_shot_baseline,74543,183.4035518169403,"{'boosting_type': 'gbdt', 'class_weight': None, 'colsample_bytree': 0.5393339924944204, 'importance_type': 'split', 'learning_rate': 0.009033979476164342, 'max_depth': -1, 'min_child_samples': 3, 'min_child_weight': 0.001, 'min_split_gain': 0.0, 'n_estimators': 31204, 'n_jobs': None, 'num_leaves': 4, 'objective': None, 'random_state': 74543, 'reg_alpha': 15.800090067239827, 'reg_lambda': 34.82471227276953, 'subsample': 1.0, 'subsample_for_bin': 200000, 'subsample_freq': 0, 'max_bin': 1023, 'verbose': -1}",343954552.7236382,342661200.0
zero_shot_baseline,32462,243.6190037727356,"{'boosting_type': 'gbdt', 'class_weight': None, 'colsample_bytree': 0.5393339924944204, 'importance_type': 'split', 'learning_rate': 0.009033979476164342, 'max_depth': -1, 'min_child_samples': 3, 'min_child_weight': 0.001, 'min_split_gain': 0.0, 'n_estimators': 31204, 'n_jobs': None, 'num_leaves': 4, 'objective': None, 'random_state': 32462, 'reg_alpha': 15.800090067239827, 'reg_lambda': 34.82471227276953, 'subsample': 1.0, 'subsample_for_bin': 200000, 'subsample_freq': 0, 'max_bin': 1023, 'verbose': -1}",343153163.41829085,342334400.0
zero_shot_baseline,12455,241.5274121761322,"{'boosting_type': 'gbdt', 'class_weight': None, 'colsample_bytree': 0.5393339924944204, 'importance_type': 'split', 'learning_rate': 0.009033979476164342, 'max_depth': -1, 'min_child_samples': 3, 'min_child_weight': 0.001, 'min_split_gain': 0.0, 'n_estimators': 31204, 'n_jobs': None, 'num_leaves': 4, 'objective': None, 'random_state': 12455, 'reg_alpha': 15.800090067239827, 'reg_lambda': 34.82471227276953, 'subsample': 1.0, 'subsample_for_bin': 200000, 'subsample_freq': 0, 'max_bin': 1023, 'verbose': -1}",343367106.4467766,342973200.0
zero_shot_baseline,5124,243.51272106170654,"{'boosting_type': 'gbdt', 'class_weight': None, 'colsample_bytree': 0.5393339924944204, 'importance_type': 'split', 'learning_rate': 0.009033979476164342, 'max_depth': -1, 'min_child_samples': 3, 'min_child_weight': 0.001, 'min_split_gain': 0.0, 'n_estimators': 31204, 'n_jobs': None, 'num_leaves': 4, 'objective': None, 'random_state': 5124, 'reg_alpha': 15.800090067239827, 'reg_lambda': 34.82471227276953, 'subsample': 1.0, 'subsample_for_bin': 200000, 'subsample_freq': 0, 'max_bin': 1023, 'verbose': -1}",341941769.1154423,341870000.0
zero_shot_baseline,55678,243.03054904937744,"{'boosting_type': 'gbdt', 'class_weight': None, 'colsample_bytree': 0.5393339924944204, 'importance_type': 'split', 'learning_rate': 0.009033979476164342, 'max_depth': -1, 'min_child_samples': 3, 'min_child_weight': 0.001, 'min_split_gain': 0.0, 'n_estimators': 31204, 'n_jobs': None, 'num_leaves': 4, 'objective': None, 'random_state': 55678, 'reg_alpha': 15.800090067239827, 'reg_lambda': 34.82471227276953, 'subsample': 1.0, 'subsample_for_bin': 200000, 'subsample_freq': 0, 'max_bin': 1023, 'verbose': -1}",343089865.06746626,342656000.0
zero_shot_zero_clean,537919,238.18236875534058,"{'boosting_type': 'gbdt', 'class_weight': None, 'colsample_bytree': 0.5393339924944204, 'importance_type': 'split', 'learning_rate': 0.009033979476164342, 'max_depth': -1, 'min_child_samples': 3, 'min_child_weight': 0.001, 'min_split_gain': 0.0, 'n_estimators': 31204, 'n_jobs': None, 'num_leaves': 4, 'objective': None, 'random_state': 537919, 'reg_alpha': 15.800090067239827, 'reg_lambda': 34.82471227276953, 'subsample': 1.0, 'subsample_for_bin': 200000, 'subsample_freq': 0, 'max_bin': 1023, 'verbose': -1}",346152423.78810596,345814400.0
zero_shot_zero_clean,923347,242.68137288093567,"{'boosting_type': 'gbdt', 'class_weight': None, 'colsample_bytree': 0.5393339924944204, 'importance_type': 'split', 'learning_rate': 0.009033979476164342, 'max_depth': -1, 'min_child_samples': 3, 'min_child_weight': 0.001, 'min_split_gain': 0.0, 'n_estimators': 31204, 'n_jobs': None, 'num_leaves': 4, 'objective': None, 'random_state': 923347, 'reg_alpha': 15.800090067239827, 'reg_lambda': 34.82471227276953, 'subsample': 1.0, 'subsample_for_bin': 200000, 'subsample_freq': 0, 'max_bin': 1023, 'verbose': -1}",344820119.94003,344672000.0
zero_shot_zero_clean,173629,185.51389122009277,"{'boosting_type': 'gbdt', 'class_weight': None, 'colsample_bytree': 0.5393339924944204, 'importance_type': 'split', 'learning_rate': 0.009033979476164342, 'max_depth': -1, 'min_child_samples': 3, 'min_child_weight': 0.001, 'min_split_gain': 0.0, 'n_estimators': 31204, 'n_jobs': None, 'num_leaves': 4, 'objective': None, 'random_state': 173629, 'reg_alpha': 15.800090067239827, 'reg_lambda': 34.82471227276953, 'subsample': 1.0, 'subsample_for_bin': 200000, 'subsample_freq': 0, 'max_bin': 1023, 'verbose': -1}",346042788.60569715,345815200.0
zero_shot_zero_clean,419351,238.6216380596161,"{'boosting_type': 'gbdt', 'class_weight': None, 'colsample_bytree': 0.5393339924944204, 'importance_type': 'split', 'learning_rate': 0.009033979476164342, 'max_depth': -1, 'min_child_samples': 3, 'min_child_weight': 0.001, 'min_split_gain': 0.0, 'n_estimators': 31204, 'n_jobs': None, 'num_leaves': 4, 'objective': None, 'random_state': 419351, 'reg_alpha': 15.800090067239827, 'reg_lambda': 34.82471227276953, 'subsample': 1.0, 'subsample_for_bin': 200000, 'subsample_freq': 0, 'max_bin': 1023, 'verbose': -1}",343491654.17291355,343010400.0
zero_shot_zero_clean,287887,239.05782675743103,"{'boosting_type': 'gbdt', 'class_weight': None, 'colsample_bytree': 0.5393339924944204, 'importance_type': 'split', 'learning_rate': 0.009033979476164342, 'max_depth': -1, 'min_child_samples': 3, 'min_child_weight': 0.001, 'min_split_gain': 0.0, 'n_estimators': 31204, 'n_jobs': None, 'num_leaves': 4, 'objective': None, 'random_state': 287887, 'reg_alpha': 15.800090067239827, 'reg_lambda': 34.82471227276953, 'subsample': 1.0, 'subsample_for_bin': 200000, 'subsample_freq': 0, 'max_bin': 1023, 'verbose': -1}",344622718.6406796,344520400.0
zero_shot_zero_clean,1244,237.1156678199768,"{'boosting_type': 'gbdt', 'class_weight': None, 'colsample_bytree': 0.5393339924944204, 'importance_type': 'split', 'learning_rate': 0.009033979476164342, 'max_depth': -1, 'min_child_samples': 3, 'min_child_weight': 0.001, 'min_split_gain': 0.0, 'n_estimators': 31204, 'n_jobs': None, 'num_leaves': 4, 'objective': None, 'random_state': 1244, 'reg_alpha': 15.800090067239827, 'reg_lambda': 34.82471227276953, 'subsample': 1.0, 'subsample_for_bin': 200000, 'subsample_freq': 0, 'max_bin': 1023, 'verbose': -1}",346909655.1724138,346724000.0
zero_shot_zero_clean,24341,234.80806708335876,"{'boosting_type': 'gbdt', 'class_weight': None, 'colsample_bytree': 0.5393339924944204, 'importance_type': 'split', 'learning_rate': 0.009033979476164342, 'max_depth': -1, 'min_child_samples': 3, 'min_child_weight': 0.001, 'min_split_gain': 0.0, 'n_estimators': 31204, 'n_jobs': None, 'num_leaves': 4, 'objective': None, 'random_state': 24341, 'reg_alpha': 15.800090067239827, 'reg_lambda': 34.82471227276953, 'subsample': 1.0, 'subsample_for_bin': 200000, 'subsample_freq': 0, 'max_bin': 1023, 'verbose': -1}",344924217.8910545,344780000.0
zero_shot_percentiles_5_isolated,537919,322.0517611503601,"{'boosting_type': 'gbdt', 'class_weight': None, 'colsample_bytree': 0.5393339924944204, 'importance_type': 'split', 'learning_rate': 0.009033979476164342, 'max_depth': -1, 'min_child_samples': 3, 'min_child_weight': 0.001, 'min_split_gain': 0.0, 'n_estimators': 31204, 'n_jobs': None, 'num_leaves': 4, 'objective': None, 'random_state': 537919, 'reg_alpha': 15.800090067239827, 'reg_lambda': 34.82471227276953, 'subsample': 1.0, 'subsample_for_bin': 200000, 'subsample_freq': 0, 'max_bin': 1023, 'verbose': -1}",345413003.49825084,344854400.0
zero_shot_percentiles_5_isolated,923347,319.44889307022095,"{'boosting_type': 'gbdt', 'class_weight': None, 'colsample_bytree': 0.5393339924944204, 'importance_type': 'split', 'learning_rate': 0.009033979476164342, 'max_depth': -1, 'min_child_samples': 3, 'min_child_weight': 0.001, 'min_split_gain': 0.0, 'n_estimators': 31204, 'n_jobs': None, 'num_leaves': 4, 'objective': None, 'random_state': 923347, 'reg_alpha': 15.800090067239827, 'reg_lambda': 34.82471227276953, 'subsample': 1.0, 'subsample_for_bin': 200000, 'subsample_freq': 0, 'max_bin': 1023, 'verbose': -1}",345769015.4922539,345550000.0
zero_shot_percentiles_5_isolated,173629,319.33041191101074,"{'boosting_type': 'gbdt', 'class_weight': None, 'colsample_bytree': 0.5393339924944204, 'importance_type': 'split', 'learning_rate': 0.009033979476164342, 'max_depth': -1, 'min_child_samples': 3, 'min_child_weight': 0.001, 'min_split_gain': 0.0, 'n_estimators': 31204, 'n_jobs': None, 'num_leaves': 4, 'objective': None, 'random_state': 173629, 'reg_alpha': 15.800090067239827, 'reg_lambda': 34.82471227276953, 'subsample': 1.0, 'subsample_for_bin': 200000, 'subsample_freq': 0, 'max_bin': 1023, 'verbose': -1}",346509925.0374813,344991200.0
zero_shot_percentiles_5_isolated,419351,320.0269241333008,"{'boosting_type': 'gbdt', 'class_weight': None, 'colsample_bytree': 0.5393339924944204, 'importance_type': 'split', 'learning_rate': 0.009033979476164342, 'max_depth': -1, 'min_child_samples': 3, 'min_child_weight': 0.001, 'min_split_gain': 0.0, 'n_estimators': 31204, 'n_jobs': None, 'num_leaves': 4, 'objective': None, 'random_state': 419351, 'reg_alpha': 15.800090067239827, 'reg_lambda': 34.82471227276953, 'subsample': 1.0, 'subsample_for_bin': 200000, 'subsample_freq': 0, 'max_bin': 1023, 'verbose': -1}",346804237.8810595,346170400.0
zero_shot_percentiles_5_isolated,287887,320.2143611907959,"{'boosting_type': 'gbdt', 'class_weight': None, 'colsample_bytree': 0.5393339924944204, 'importance_type': 'split', 'learning_rate': 0.009033979476164342, 'max_depth': -1, 'min_child_samples': 3, 'min_child_weight': 0.001, 'min_split_gain': 0.0, 'n_estimators': 31204, 'n_jobs': None, 'num_leaves': 4, 'objective': None, 'random_state': 287887, 'reg_alpha': 15.800090067239827, 'reg_lambda': 34.82471227276953, 'subsample': 1.0, 'subsample_for_bin': 200000, 'subsample_freq': 0, 'max_bin': 1023, 'verbose': -1}",346900939.5302349,345614800.0
zero_shot_percentiles_1_isolated,537919,323.4307589530945,"{'boosting_type': 'gbdt', 'class_weight': None, 'colsample_bytree': 0.5393339924944204, 'importance_type': 'split', 'learning_rate': 0.009033979476164342, 'max_depth': -1, 'min_child_samples': 3, 'min_child_weight': 0.001, 'min_split_gain': 0.0, 'n_estimators': 31204, 'n_jobs': None, 'num_leaves': 4, 'objective': None, 'random_state': 537919, 'reg_alpha': 15.800090067239827, 'reg_lambda': 34.82471227276953, 'subsample': 1.0, 'subsample_for_bin': 200000, 'subsample_freq': 0, 'max_bin': 1023, 'verbose': -1}",344986296.8515742,344930800.0
zero_shot_percentiles_1_isolated,923347,322.3154458999634,"{'boosting_type': 'gbdt', 'class_weight': None, 'colsample_bytree': 0.5393339924944204, 'importance_type': 'split', 'learning_rate': 0.009033979476164342, 'max_depth': -1, 'min_child_samples': 3, 'min_child_weight': 0.001, 'min_split_gain': 0.0, 'n_estimators': 31204, 'n_jobs': None, 'num_leaves': 4, 'objective': None, 'random_state': 923347, 'reg_alpha': 15.800090067239827, 'reg_lambda': 34.82471227276953, 'subsample': 1.0, 'subsample_for_bin': 200000, 'subsample_freq': 0, 'max_bin': 1023, 'verbose': -1}",343519140.4297851,343450000.0
zero_shot_percentiles_1_isolated,173629,319.87279987335205,"{'boosting_type': 'gbdt', 'class_weight': None, 'colsample_bytree': 0.5393339924944204, 'importance_type': 'split', 'learning_rate': 0.009033979476164342, 'max_depth': -1, 'min_child_samples': 3, 'min_child_weight': 0.001, 'min_split_gain': 0.0, 'n_estimators': 31204, 'n_jobs': None, 'num_leaves': 4, 'objective': None, 'random_state': 173629, 'reg_alpha': 15.800090067239827, 'reg_lambda': 34.82471227276953, 'subsample': 1.0, 'subsample_for_bin': 200000, 'subsample_freq': 0, 'max_bin': 1023, 'verbose': -1}",343465247.3763118,342922000.0
zero_shot_percentiles_1_isolated,419351,322.00575280189514,"{'boosting_type': 'gbdt', 'class_weight': None, 'colsample_bytree': 0.5393339924944204, 'importance_type': 'split', 'learning_rate': 0.009033979476164342, 'max_depth': -1, 'min_child_samples': 3, 'min_child_weight': 0.001, 'min_split_gain': 0.0, 'n_estimators': 31204, 'n_jobs': None, 'num_leaves': 4, 'objective': None, 'random_state': 419351, 'reg_alpha': 15.800090067239827, 'reg_lambda': 34.82471227276953, 'subsample': 1.0, 'subsample_for_bin': 200000, 'subsample_freq': 0, 'max_bin': 1023, 'verbose': -1}",344169005.4972514,343881600.0
zero_shot_percentiles_1_isolated,287887,318.7811510562897,"{'boosting_type': 'gbdt', 'class_weight': None, 'colsample_bytree': 0.5393339924944204, 'importance_type': 'split', 'learning_rate': 0.009033979476164342, 'max_depth': -1, 'min_child_samples': 3, 'min_child_weight': 0.001, 'min_split_gain': 0.0, 'n_estimators': 31204, 'n_jobs': None, 'num_leaves': 4, 'objective': None, 'random_state': 287887, 'reg_alpha': 15.800090067239827, 'reg_lambda': 34.82471227276953, 'subsample': 1.0, 'subsample_for_bin': 200000, 'subsample_freq': 0, 'max_bin': 1023, 'verbose': -1}",343753013.49325335,342954000.0
zero_shot_percentiles_1_isolated,1244,316.675665140152,"{'boosting_type': 'gbdt', 'class_weight': None, 'colsample_bytree': 0.5393339924944204, 'importance_type': 'split', 'learning_rate': 0.009033979476164342, 'max_depth': -1, 'min_child_samples': 3, 'min_child_weight': 0.001, 'min_split_gain': 0.0, 'n_estimators': 31204, 'n_jobs': None, 'num_leaves': 4, 'objective': None, 'random_state': 1244, 'reg_alpha': 15.800090067239827, 'reg_lambda': 34.82471227276953, 'subsample': 1.0, 'subsample_for_bin': 200000, 'subsample_freq': 0, 'max_bin': 1023, 'verbose': -1}",343003608.19590205,342694000.0
zero_shot_percentiles_1_isolated,24341,320.1354968547821,"{'boosting_type': 'gbdt', 'class_weight': None, 'colsample_bytree': 0.5393339924944204, 'importance_type': 'split', 'learning_rate': 0.009033979476164342, 'max_depth': -1, 'min_child_samples': 3, 'min_child_weight': 0.001, 'min_split_gain': 0.0, 'n_estimators': 31204, 'n_jobs': None, 'num_leaves': 4, 'objective': None, 'random_state': 24341, 'reg_alpha': 15.800090067239827, 'reg_lambda': 34.82471227276953, 'subsample': 1.0, 'subsample_for_bin': 200000, 'subsample_freq': 0, 'max_bin': 1023, 'verbose': -1}",344042478.7606197,343930400.0
zero_shot_percentiles_1_isolated,1241,319.48157787323,"{'boosting_type': 'gbdt', 'class_weight': None, 'colsample_bytree': 0.5393339924944204, 'importance_type': 'split', 'learning_rate': 0.009033979476164342, 'max_depth': -1, 'min_child_samples': 3, 'min_child_weight': 0.001, 'min_split_gain': 0.0, 'n_estimators': 31204, 'n_jobs': None, 'num_leaves': 4, 'objective': None, 'random_state': 1241, 'reg_alpha': 15.800090067239827, 'reg_lambda': 34.82471227276953, 'subsample': 1.0, 'subsample_for_bin': 200000, 'subsample_freq': 0, 'max_bin': 1023, 'verbose': -1}",345683228.38580704,344808400.0
zero_shot_percentiles_1_isolated,4512,320.0854787826538,"{'boosting_type': 'gbdt', 'class_weight': None, 'colsample_bytree': 0.5393339924944204, 'importance_type': 'split', 'learning_rate': 0.009033979476164342, 'max_depth': -1, 'min_child_samples': 3, 'min_child_weight': 0.001, 'min_split_gain': 0.0, 'n_estimators': 31204, 'n_jobs': None, 'num_leaves': 4, 'objective': None, 'random_state': 4512, 'reg_alpha': 15.800090067239827, 'reg_lambda': 34.82471227276953, 'subsample': 1.0, 'subsample_for_bin': 200000, 'subsample_freq': 0, 'max_bin': 1023, 'verbose': -1}",343971684.157921,342833600.0
zero_shot_percentiles_None_isolated,537919,345.99779510498047,"{'boosting_type': 'gbdt', 'class_weight': None, 'colsample_bytree': 0.5393339924944204, 'importance_type': 'split', 'learning_rate': 0.009033979476164342, 'max_depth': -1, 'min_child_samples': 3, 'min_child_weight': 0.001, 'min_split_gain': 0.0, 'n_estimators': 31204, 'n_jobs': None, 'num_leaves': 4, 'objective': None, 'random_state': 537919, 'reg_alpha': 15.800090067239827, 'reg_lambda': 34.82471227276953, 'subsample': 1.0, 'subsample_for_bin': 200000, 'subsample_freq': 0, 'max_bin': 1023, 'verbose': -1}",346198230.8845577,344688400.0
zero_shot_percentiles_None_isolated,923347,254.31291389465332,"{'boosting_type': 'gbdt', 'class_weight': None, 'colsample_bytree': 0.5393339924944204, 'importance_type': 'split', 'learning_rate': 0.009033979476164342, 'max_depth': -1, 'min_child_samples': 3, 'min_child_weight': 0.001, 'min_split_gain': 0.0, 'n_estimators': 31204, 'n_jobs': None, 'num_leaves': 4, 'objective': None, 'random_state': 923347, 'reg_alpha': 15.800090067239827, 'reg_lambda': 34.82471227276953, 'subsample': 1.0, 'subsample_for_bin': 200000, 'subsample_freq': 0, 'max_bin': 1023, 'verbose': -1}",345193153.42328835,344509600.0
zero_shot_percentiles_None_isolated,173629,252.95919799804688,"{'boosting_type': 'gbdt', 'class_weight': None, 'colsample_bytree': 0.5393339924944204, 'importance_type': 'split', 'learning_rate': 0.009033979476164342, 'max_depth': -1, 'min_child_samples': 3, 'min_child_weight': 0.001, 'min_split_gain': 0.0, 'n_estimators': 31204, 'n_jobs': None, 'num_leaves': 4, 'objective': None, 'random_state': 173629, 'reg_alpha': 15.800090067239827, 'reg_lambda': 34.82471227276953, 'subsample': 1.0, 'subsample_for_bin': 200000, 'subsample_freq': 0, 'max_bin': 1023, 'verbose': -1}",346342698.6506747,345413200.0
zero_shot_percentiles_None_isolated,419351,344.33924412727356,"{'boosting_type': 'gbdt', 'class_weight': None, 'colsample_bytree': 0.5393339924944204, 'importance_type': 'split', 'learning_rate': 0.009033979476164342, 'max_depth': -1, 'min_child_samples': 3, 'min_child_weight': 0.001, 'min_split_gain': 0.0, 'n_estimators': 31204, 'n_jobs': None, 'num_leaves': 4, 'objective': None, 'random_state': 419351, 'reg_alpha': 15.800090067239827, 'reg_lambda': 34.82471227276953, 'subsample': 1.0, 'subsample_for_bin': 200000, 'subsample_freq': 0, 'max_bin': 1023, 'verbose': -1}",348738790.60469764,348723200.0
zero_shot_percentiles_None_isolated,287887,340.589732170105,"{'boosting_type': 'gbdt', 'class_weight': None, 'colsample_bytree': 0.5393339924944204, 'importance_type': 'split', 'learning_rate': 0.009033979476164342, 'max_depth': -1, 'min_child_samples': 3, 'min_child_weight': 0.001, 'min_split_gain': 0.0, 'n_estimators': 31204, 'n_jobs': None, 'num_leaves': 4, 'objective': None, 'random_state': 287887, 'reg_alpha': 15.800090067239827, 'reg_lambda': 34.82471227276953, 'subsample': 1.0, 'subsample_for_bin': 200000, 'subsample_freq': 0, 'max_bin': 1023, 'verbose': -1}",348273483.2583708,346626400.0
zero_shot_intra_month_fe,537919,266.10971903800964,"{'boosting_type': 'gbdt', 'class_weight': None, 'colsample_bytree': 0.5393339924944204, 'importance_type': 'split', 'learning_rate': 0.009033979476164342, 'max_depth': -1, 'min_child_samples': 3, 'min_child_weight': 0.001, 'min_split_gain': 0.0, 'n_estimators': 31204, 'n_jobs': None, 'num_leaves': 4, 'objective': None, 'random_state': 537919, 'reg_alpha': 15.800090067239827, 'reg_lambda': 34.82471227276953, 'subsample': 1.0, 'subsample_for_bin': 200000, 'subsample_freq': 0, 'max_bin': 1023, 'verbose': -1}",350111764.117941,350059600.0
zero_shot_intra_month_fe,923347,265.9566819667816,"{'boosting_type': 'gbdt', 'class_weight': None, 'colsample_bytree': 0.5393339924944204, 'importance_type': 'split', 'learning_rate': 0.009033979476164342, 'max_depth': -1, 'min_child_samples': 3, 'min_child_weight': 0.001, 'min_split_gain': 0.0, 'n_estimators': 31204, 'n_jobs': None, 'num_leaves': 4, 'objective': None, 'random_state': 923347, 'reg_alpha': 15.800090067239827, 'reg_lambda': 34.82471227276953, 'subsample': 1.0, 'subsample_for_bin': 200000, 'subsample_freq': 0, 'max_bin': 1023, 'verbose': -1}",350391384.30784607,348949200.0
zero_shot_intra_month_fe,173629,193.74064207077026,"{'boosting_type': 'gbdt', 'class_weight': None, 'colsample_bytree': 0.5393339924944204, 'importance_type': 'split', 'learning_rate': 0.009033979476164342, 'max_depth': -1, 'min_child_samples': 3, 'min_child_weight': 0.001, 'min_split_gain': 0.0, 'n_estimators': 31204, 'n_jobs': None, 'num_leaves': 4, 'objective': None, 'random_state': 173629, 'reg_alpha': 15.800090067239827, 'reg_lambda': 34.82471227276953, 'subsample': 1.0, 'subsample_for_bin': 200000, 'subsample_freq': 0, 'max_bin': 1023, 'verbose': -1}",350446936.5317341,350211200.0
zero_shot_intra_month_fe,419351,264.93619108200073,"{'boosting_type': 'gbdt', 'class_weight': None, 'colsample_bytree': 0.5393339924944204, 'importance_type': 'split', 'learning_rate': 0.009033979476164342, 'max_depth': -1, 'min_child_samples': 3, 'min_child_weight': 0.001, 'min_split_gain': 0.0, 'n_estimators': 31204, 'n_jobs': None, 'num_leaves': 4, 'objective': None, 'random_state': 419351, 'reg_alpha': 15.800090067239827, 'reg_lambda': 34.82471227276953, 'subsample': 1.0, 'subsample_for_bin': 200000, 'subsample_freq': 0, 'max_bin': 1023, 'verbose': -1}",349113973.0134932,348705200.0
zero_shot_intra_month_fe,287887,195.37192702293396,"{'boosting_type': 'gbdt', 'class_weight': None, 'colsample_bytree': 0.5393339924944204, 'importance_type': 'split', 'learning_rate': 0.009033979476164342, 'max_depth': -1, 'min_child_samples': 3, 'min_child_weight': 0.001, 'min_split_gain': 0.0, 'n_estimators': 31204, 'n_jobs': None, 'num_leaves': 4, 'objective': None, 'random_state': 287887, 'reg_alpha': 15.800090067239827, 'reg_lambda': 34.82471227276953, 'subsample': 1.0, 'subsample_for_bin': 200000, 'subsample_freq': 0, 'max_bin': 1023, 'verbose': -1}",347474442.7786107,347224800.0
zero_shot_historical,537919,374.5866639614105,"{'boosting_type': 'gbdt', 'class_weight': None, 'colsample_bytree': 0.5393339924944204, 'importance_type': 'split', 'learning_rate': 0.009033979476164342, 'max_depth': -1, 'min_child_samples': 3, 'min_child_weight': 0.001, 'min_split_gain': 0.0, 'n_estimators': 31204, 'n_jobs': None, 'num_leaves': 4, 'objective': None, 'random_state': 537919, 'reg_alpha': 15.800090067239827, 'reg_lambda': 34.82471227276953, 'subsample': 1.0, 'subsample_for_bin': 200000, 'subsample_freq': 0, 'max_bin': 1023, 'verbose': -1}",340310354.8225887,339813200.0
zero_shot_historical,923347,374.99401211738586,"{'boosting_type': 'gbdt', 'class_weight': None, 'colsample_bytree': 0.5393339924944204, 'importance_type': 'split', 'learning_rate': 0.009033979476164342, 'max_depth': -1, 'min_child_samples': 3, 'min_child_weight': 0.001, 'min_split_gain': 0.0, 'n_estimators': 31204, 'n_jobs': None, 'num_leaves': 4, 'objective': None, 'random_state': 923347, 'reg_alpha': 15.800090067239827, 'reg_lambda': 34.82471227276953, 'subsample': 1.0, 'subsample_for_bin': 200000, 'subsample_freq': 0, 'max_bin': 1023, 'verbose': -1}",340418550.7246377,339514000.0
zero_shot_historical,173629,371.85907769203186,"{'boosting_type': 'gbdt', 'class_weight': None, 'colsample_bytree': 0.5393339924944204, 'importance_type': 'split', 'learning_rate': 0.009033979476164342, 'max_depth': -1, 'min_child_samples': 3, 'min_child_weight': 0.001, 'min_split_gain': 0.0, 'n_estimators': 31204, 'n_jobs': None, 'num_leaves': 4, 'objective': None, 'random_state': 173629, 'reg_alpha': 15.800090067239827, 'reg_lambda': 34.82471227276953, 'subsample': 1.0, 'subsample_for_bin': 200000, 'subsample_freq': 0, 'max_bin': 1023, 'verbose': -1}",339973283.35832083,339933200.0
zero_shot_historical,419351,372.04417085647583,"{'boosting_type': 'gbdt', 'class_weight': None, 'colsample_bytree': 0.5393339924944204, 'importance_type': 'split', 'learning_rate': 0.009033979476164342, 'max_depth': -1, 'min_child_samples': 3, 'min_child_weight': 0.001, 'min_split_gain': 0.0, 'n_estimators': 31204, 'n_jobs': None, 'num_leaves': 4, 'objective': None, 'random_state': 419351, 'reg_alpha': 15.800090067239827, 'reg_lambda': 34.82471227276953, 'subsample': 1.0, 'subsample_for_bin': 200000, 'subsample_freq': 0, 'max_bin': 1023, 'verbose': -1}",338632043.978011,338072000.0
zero_shot_historical,287887,372.94655585289,"{'boosting_type': 'gbdt', 'class_weight': None, 'colsample_bytree': 0.5393339924944204, 'importance_type': 'split', 'learning_rate': 0.009033979476164342, 'max_depth': -1, 'min_child_samples': 3, 'min_child_weight': 0.001, 'min_split_gain': 0.0, 'n_estimators': 31204, 'n_jobs': None, 'num_leaves': 4, 'objective': None, 'random_state': 287887, 'reg_alpha': 15.800090067239827, 'reg_lambda': 34.82471227276953, 'subsample': 1.0, 'subsample_for_bin': 200000, 'subsample_freq': 0, 'max_bin': 1023, 'verbose': -1}",342319430.2848576,341811600.0
zero_shot_dates,537919,246.03619003295898,"{'boosting_type': 'gbdt', 'class_weight': None, 'colsample_bytree': 0.5393339924944204, 'importance_type': 'split', 'learning_rate': 0.009033979476164342, 'max_depth': -1, 'min_child_samples': 3, 'min_child_weight': 0.001, 'min_split_gain': 0.0, 'n_estimators': 31204, 'n_jobs': None, 'num_leaves': 4, 'objective': None, 'random_state': 537919, 'reg_alpha': 15.800090067239827, 'reg_lambda': 34.82471227276953, 'subsample': 1.0, 'subsample_for_bin': 200000, 'subsample_freq': 0, 'max_bin': 1023, 'verbose': -1}",346038010.9945028,345957600.0
zero_shot_dates,923347,245.90856981277466,"{'boosting_type': 'gbdt', 'class_weight': None, 'colsample_bytree': 0.5393339924944204, 'importance_type': 'split', 'learning_rate': 0.009033979476164342, 'max_depth': -1, 'min_child_samples': 3, 'min_child_weight': 0.001, 'min_split_gain': 0.0, 'n_estimators': 31204, 'n_jobs': None, 'num_leaves': 4, 'objective': None, 'random_state': 923347, 'reg_alpha': 15.800090067239827, 'reg_lambda': 34.82471227276953, 'subsample': 1.0, 'subsample_for_bin': 200000, 'subsample_freq': 0, 'max_bin': 1023, 'verbose': -1}",344208565.7171414,342913600.0
zero_shot_dates,173629,244.80150485038757,"{'boosting_type': 'gbdt', 'class_weight': None, 'colsample_bytree': 0.5393339924944204, 'importance_type': 'split', 'learning_rate': 0.009033979476164342, 'max_depth': -1, 'min_child_samples': 3, 'min_child_weight': 0.001, 'min_split_gain': 0.0, 'n_estimators': 31204, 'n_jobs': None, 'num_leaves': 4, 'objective': None, 'random_state': 173629, 'reg_alpha': 15.800090067239827, 'reg_lambda': 34.82471227276953, 'subsample': 1.0, 'subsample_for_bin': 200000, 'subsample_freq': 0, 'max_bin': 1023, 'verbose': -1}",345040159.92004,344790800.0
zero_shot_dates,419351,244.82146406173706,"{'boosting_type': 'gbdt', 'class_weight': None, 'colsample_bytree': 0.5393339924944204, 'importance_type': 'split', 'learning_rate': 0.009033979476164342, 'max_depth': -1, 'min_child_samples': 3, 'min_child_weight': 0.001, 'min_split_gain': 0.0, 'n_estimators': 31204, 'n_jobs': None, 'num_leaves': 4, 'objective': None, 'random_state': 419351, 'reg_alpha': 15.800090067239827, 'reg_lambda': 34.82471227276953, 'subsample': 1.0, 'subsample_for_bin': 200000, 'subsample_freq': 0, 'max_bin': 1023, 'verbose': -1}",346936861.56921536,346905600.0
zero_shot_dates,287887,244.95423793792725,"{'boosting_type': 'gbdt', 'class_weight': None, 'colsample_bytree': 0.5393339924944204, 'importance_type': 'split', 'learning_rate': 0.009033979476164342, 'max_depth': -1, 'min_child_samples': 3, 'min_child_weight': 0.001, 'min_split_gain': 0.0, 'n_estimators': 31204, 'n_jobs': None, 'num_leaves': 4, 'objective': None, 'random_state': 287887, 'reg_alpha': 15.800090067239827, 'reg_lambda': 34.82471227276953, 'subsample': 1.0, 'subsample_for_bin': 200000, 'subsample_freq': 0, 'max_bin': 1023, 'verbose': -1}",342960799.60019994,342518800.0
zero_shot_dates,1244,244.62823009490967,"{'boosting_type': 'gbdt', 'class_weight': None, 'colsample_bytree': 0.5393339924944204, 'importance_type': 'split', 'learning_rate': 0.009033979476164342, 'max_depth': -1, 'min_child_samples': 3, 'min_child_weight': 0.001, 'min_split_gain': 0.0, 'n_estimators': 31204, 'n_jobs': None, 'num_leaves': 4, 'objective': None, 'random_state': 1244, 'reg_alpha': 15.800090067239827, 'reg_lambda': 34.82471227276953, 'subsample': 1.0, 'subsample_for_bin': 200000, 'subsample_freq': 0, 'max_bin': 1023, 'verbose': -1}",343900719.64017993,343480800.0
zero_shot_dates,24341,246.98123335838318,"{'boosting_type': 'gbdt', 'class_weight': None, 'colsample_bytree': 0.5393339924944204, 'importance_type': 'split', 'learning_rate': 0.009033979476164342, 'max_depth': -1, 'min_child_samples': 3, 'min_child_weight': 0.001, 'min_split_gain': 0.0, 'n_estimators': 31204, 'n_jobs': None, 'num_leaves': 4, 'objective': None, 'random_state': 24341, 'reg_alpha': 15.800090067239827, 'reg_lambda': 34.82471227276953, 'subsample': 1.0, 'subsample_for_bin': 200000, 'subsample_freq': 0, 'max_bin': 1023, 'verbose': -1}",344129245.37731135,343986400.0
zero_shot_other_features,537919,258.9402141571045,"{'boosting_type': 'gbdt', 'class_weight': None, 'colsample_bytree': 0.5393339924944204, 'importance_type': 'split', 'learning_rate': 0.009033979476164342, 'max_depth': -1, 'min_child_samples': 3, 'min_child_weight': 0.001, 'min_split_gain': 0.0, 'n_estimators': 31204, 'n_jobs': None, 'num_leaves': 4, 'objective': None, 'random_state': 537919, 'reg_alpha': 15.800090067239827, 'reg_lambda': 34.82471227276953, 'subsample': 1.0, 'subsample_for_bin': 200000, 'subsample_freq': 0, 'max_bin': 1023, 'verbose': -1}",341086676.66166914,341033600.0
zero_shot_other_features,923347,270.76555490493774,"{'boosting_type': 'gbdt', 'class_weight': None, 'colsample_bytree': 0.5393339924944204, 'importance_type': 'split', 'learning_rate': 0.009033979476164342, 'max_depth': -1, 'min_child_samples': 3, 'min_child_weight': 0.001, 'min_split_gain': 0.0, 'n_estimators': 31204, 'n_jobs': None, 'num_leaves': 4, 'objective': None, 'random_state': 923347, 'reg_alpha': 15.800090067239827, 'reg_lambda': 34.82471227276953, 'subsample': 1.0, 'subsample_for_bin': 200000, 'subsample_freq': 0, 'max_bin': 1023, 'verbose': -1}",342313333.3333333,341702400.0
zero_shot_other_features,173629,271.03742003440857,"{'boosting_type': 'gbdt', 'class_weight': None, 'colsample_bytree': 0.5393339924944204, 'importance_type': 'split', 'learning_rate': 0.009033979476164342, 'max_depth': -1, 'min_child_samples': 3, 'min_child_weight': 0.001, 'min_split_gain': 0.0, 'n_estimators': 31204, 'n_jobs': None, 'num_leaves': 4, 'objective': None, 'random_state': 173629, 'reg_alpha': 15.800090067239827, 'reg_lambda': 34.82471227276953, 'subsample': 1.0, 'subsample_for_bin': 200000, 'subsample_freq': 0, 'max_bin': 1023, 'verbose': -1}",342192653.6731634,341471200.0
zero_shot_other_features,419351,269.40367317199707,"{'boosting_type': 'gbdt', 'class_weight': None, 'colsample_bytree': 0.5393339924944204, 'importance_type': 'split', 'learning_rate': 0.009033979476164342, 'max_depth': -1, 'min_child_samples': 3, 'min_child_weight': 0.001, 'min_split_gain': 0.0, 'n_estimators': 31204, 'n_jobs': None, 'num_leaves': 4, 'objective': None, 'random_state': 419351, 'reg_alpha': 15.800090067239827, 'reg_lambda': 34.82471227276953, 'subsample': 1.0, 'subsample_for_bin': 200000, 'subsample_freq': 0, 'max_bin': 1023, 'verbose': -1}",343781199.4002999,343755200.0
zero_shot_other_features,287887,275.12173104286194,"{'boosting_type': 'gbdt', 'class_weight': None, 'colsample_bytree': 0.5393339924944204, 'importance_type': 'split', 'learning_rate': 0.009033979476164342, 'max_depth': -1, 'min_child_samples': 3, 'min_child_weight': 0.001, 'min_split_gain': 0.0, 'n_estimators': 31204, 'n_jobs': None, 'num_leaves': 4, 'objective': None, 'random_state': 287887, 'reg_alpha': 15.800090067239827, 'reg_lambda': 34.82471227276953, 'subsample': 1.0, 'subsample_for_bin': 200000, 'subsample_freq': 0, 'max_bin': 1023, 'verbose': -1}",343369195.4022988,342725600.0
zero_shot_other_features,1244,269.2945861816406,"{'boosting_type': 'gbdt', 'class_weight': None, 'colsample_bytree': 0.5393339924944204, 'importance_type': 'split', 'learning_rate': 0.009033979476164342, 'max_depth': -1, 'min_child_samples': 3, 'min_child_weight': 0.001, 'min_split_gain': 0.0, 'n_estimators': 31204, 'n_jobs': None, 'num_leaves': 4, 'objective': None, 'random_state': 1244, 'reg_alpha': 15.800090067239827, 'reg_lambda': 34.82471227276953, 'subsample': 1.0, 'subsample_for_bin': 200000, 'subsample_freq': 0, 'max_bin': 1023, 'verbose': -1}",342882668.6656672,342700800.0
zero_shot_other_features,24341,269.5742130279541,"{'boosting_type': 'gbdt', 'class_weight': None, 'colsample_bytree': 0.5393339924944204, 'importance_type': 'split', 'learning_rate': 0.009033979476164342, 'max_depth': -1, 'min_child_samples': 3, 'min_child_weight': 0.001, 'min_split_gain': 0.0, 'n_estimators': 31204, 'n_jobs': None, 'num_leaves': 4, 'objective': None, 'random_state': 24341, 'reg_alpha': 15.800090067239827, 'reg_lambda': 34.82471227276953, 'subsample': 1.0, 'subsample_for_bin': 200000, 'subsample_freq': 0, 'max_bin': 1023, 'verbose': -1}",342914962.51874065,342828800.0
zero_shot_other_features,1241,268.8945081233978,"{'boosting_type': 'gbdt', 'class_weight': None, 'colsample_bytree': 0.5393339924944204, 'importance_type': 'split', 'learning_rate': 0.009033979476164342, 'max_depth': -1, 'min_child_samples': 3, 'min_child_weight': 0.001, 'min_split_gain': 0.0, 'n_estimators': 31204, 'n_jobs': None, 'num_leaves': 4, 'objective': None, 'random_state': 1241, 'reg_alpha': 15.800090067239827, 'reg_lambda': 34.82471227276953, 'subsample': 1.0, 'subsample_for_bin': 200000, 'subsample_freq': 0, 'max_bin': 1023, 'verbose': -1}",341389555.22238874,340624000.0
zero_shot_other_features,4512,272.97721886634827,"{'boosting_type': 'gbdt', 'class_weight': None, 'colsample_bytree': 0.5393339924944204, 'importance_type': 'split', 'learning_rate': 0.009033979476164342, 'max_depth': -1, 'min_child_samples': 3, 'min_child_weight': 0.001, 'min_split_gain': 0.0, 'n_estimators': 31204, 'n_jobs': None, 'num_leaves': 4, 'objective': None, 'random_state': 4512, 'reg_alpha': 15.800090067239827, 'reg_lambda': 34.82471227276953, 'subsample': 1.0, 'subsample_for_bin': 200000, 'subsample_freq': 0, 'max_bin': 1023, 'verbose': -1}",344521229.3853073,343692400.0
zero_shot_other_features,6554,269.6800560951233,"{'boosting_type': 'gbdt', 'class_weight': None, 'colsample_bytree': 0.5393339924944204, 'importance_type': 'split', 'learning_rate': 0.009033979476164342, 'max_depth': -1, 'min_child_samples': 3, 'min_child_weight': 0.001, 'min_split_gain': 0.0, 'n_estimators': 31204, 'n_jobs': None, 'num_leaves': 4, 'objective': None, 'random_state': 6554, 'reg_alpha': 15.800090067239827, 'reg_lambda': 34.82471227276953, 'subsample': 1.0, 'subsample_for_bin': 200000, 'subsample_freq': 0, 'max_bin': 1023, 'verbose': -1}",343951104.4477761,342909200.0
zero_shot_other_features,62325,268.52695298194885,"{'boosting_type': 'gbdt', 'class_weight': None, 'colsample_bytree': 0.5393339924944204, 'importance_type': 'split', 'learning_rate': 0.009033979476164342, 'max_depth': -1, 'min_child_samples': 3, 'min_child_weight': 0.001, 'min_split_gain': 0.0, 'n_estimators': 31204, 'n_jobs': None, 'num_leaves': 4, 'objective': None, 'random_state': 62325, 'reg_alpha': 15.800090067239827, 'reg_lambda': 34.82471227276953, 'subsample': 1.0, 'subsample_for_bin': 200000, 'subsample_freq': 0, 'max_bin': 1023, 'verbose': -1}",341112703.6481759,340250000.0
zero_shot_other_features,6525235,199.65851402282715,"{'boosting_type': 'gbdt', 'class_weight': None, 'colsample_bytree': 0.5393339924944204, 'importance_type': 'split', 'learning_rate': 0.009033979476164342, 'max_depth': -1, 'min_child_samples': 3, 'min_child_weight': 0.001, 'min_split_gain': 0.0, 'n_estimators': 31204, 'n_jobs': None, 'num_leaves': 4, 'objective': None, 'random_state': 6525235, 'reg_alpha': 15.800090067239827, 'reg_lambda': 34.82471227276953, 'subsample': 1.0, 'subsample_for_bin': 200000, 'subsample_freq': 0, 'max_bin': 1023, 'verbose': -1}",342792053.9730135,342612000.0
zero_shot_other_features,14,272.25683999061584,"{'boosting_type': 'gbdt', 'class_weight': None, 'colsample_bytree': 0.5393339924944204, 'importance_type': 'split', 'learning_rate': 0.009033979476164342, 'max_depth': -1, 'min_child_samples': 3, 'min_child_weight': 0.001, 'min_split_gain': 0.0, 'n_estimators': 31204, 'n_jobs': None, 'num_leaves': 4, 'objective': None, 'random_state': 14, 'reg_alpha': 15.800090067239827, 'reg_lambda': 34.82471227276953, 'subsample': 1.0, 'subsample_for_bin': 200000, 'subsample_freq': 0, 'max_bin': 1023, 'verbose': -1}",341746426.78660667,341747200.0
zero_shot_other_features,4521,271.50364995002747,"{'boosting_type': 'gbdt', 'class_weight': None, 'colsample_bytree': 0.5393339924944204, 'importance_type': 'split', 'learning_rate': 0.009033979476164342, 'max_depth': -1, 'min_child_samples': 3, 'min_child_weight': 0.001, 'min_split_gain': 0.0, 'n_estimators': 31204, 'n_jobs': None, 'num_leaves': 4, 'objective': None, 'random_state': 4521, 'reg_alpha': 15.800090067239827, 'reg_lambda': 34.82471227276953, 'subsample': 1.0, 'subsample_for_bin': 200000, 'subsample_freq': 0, 'max_bin': 1023, 'verbose': -1}",342431934.0329835,342346400.0
zero_shot_other_features,474574,264.25314688682556,"{'boosting_type': 'gbdt', 'class_weight': None, 'colsample_bytree': 0.5393339924944204, 'importance_type': 'split', 'learning_rate': 0.009033979476164342, 'max_depth': -1, 'min_child_samples': 3, 'min_child_weight': 0.001, 'min_split_gain': 0.0, 'n_estimators': 31204, 'n_jobs': None, 'num_leaves': 4, 'objective': None, 'random_state': 474574, 'reg_alpha': 15.800090067239827, 'reg_lambda': 34.82471227276953, 'subsample': 1.0, 'subsample_for_bin': 200000, 'subsample_freq': 0, 'max_bin': 1023, 'verbose': -1}",341629055.4722638,341425200.0

zero_shot_random_forest_features,537919,251.02158784866333,"{'boosting_type': 'gbdt', 'class_weight': None, 'colsample_bytree': 0.5393339924944204, 'importance_type': 'split', 'learning_rate': 0.009033979476164342, 'max_depth': -1, 'min_child_samples': 3, 'min_child_weight': 0.001, 'min_split_gain': 0.0, 'n_estimators': 31204, 'n_jobs': None, 'num_leaves': 4, 'objective': None, 'random_state': 537919, 'reg_alpha': 15.800090067239827, 'reg_lambda': 34.82471227276953, 'subsample': 1.0, 'subsample_for_bin': 200000, 'subsample_freq': 0, 'max_bin': 1023, 'verbose': -1}",347714172.9135432,347168000.0
zero_shot_random_forest_features,923347,241.68073296546936,"{'boosting_type': 'gbdt', 'class_weight': None, 'colsample_bytree': 0.5393339924944204, 'importance_type': 'split', 'learning_rate': 0.009033979476164342, 'max_depth': -1, 'min_child_samples': 3, 'min_child_weight': 0.001, 'min_split_gain': 0.0, 'n_estimators': 31204, 'n_jobs': None, 'num_leaves': 4, 'objective': None, 'random_state': 923347, 'reg_alpha': 15.800090067239827, 'reg_lambda': 34.82471227276953, 'subsample': 1.0, 'subsample_for_bin': 200000, 'subsample_freq': 0, 'max_bin': 1023, 'verbose': -1}",345732293.8530735,345710400.0
